sector_index,category
92,coldest
106,coldest
78,coldest
93,coldest
91,coldest
107,coldest
105,coldest
120,coldest
77,coldest
64,coldest
79,warmest
163,warmest
26,warmest
124,warmest
76,warmest
139,warmest
29,warmest
16,warmest
17,warmest
12,warmest
1,closest_to_average
2,closest_to_average
3,closest_to_average
4,closest_to_average
5,closest_to_average
6,closest_to_average
7,closest_to_average
8,closest_to_average
9,closest_to_average
10,closest_to_average
11,closest_to_average
12,closest_to_average
13,closest_to_average
14,closest_to_average
15,closest_to_average
16,closest_to_average
17,closest_to_average
18,closest_to_average
19,closest_to_average
20,closest_to_average
21,closest_to_average
22,closest_to_average
23,closest_to_average
24,closest_to_average
25,closest_to_average
26,closest_to_average
27,closest_to_average
28,closest_to_average
29,closest_to_average
30,closest_to_average
