sector_index,min_temp,max_temp,mean_temp,median_temp,temp_range
1,13.50,16.00,14.60,14.60,2.50
2,14.70,17.20,15.86,15.90,2.50
3,15.40,17.40,16.38,16.40,2.00
4,14.90,17.40,15.98,16.00,2.50
5,13.70,16.00,14.74,14.80,2.30
6,11.90,14.40,13.21,13.15,2.50
7,10.70,13.30,12.04,12.00,2.60
8,10.50,12.60,11.44,11.40,2.10
9,10.50,13.10,11.97,12.00,2.60
10,11.60,14.30,13.19,13.20,2.70
11,13.10,16.30,14.69,14.70,3.20
13,15.30,17.60,16.48,16.50,2.30
14,14.70,16.90,15.92,15.90,2.20
15,12.70,15.60,14.25,14.30,2.90
18,14.30,16.80,15.55,15.60,2.50
19,12.90,15.50,14.30,14.40,2.60
20,11.20,14.30,12.85,12.90,3.10
21,10.40,13.20,11.64,11.60,2.80
22,9.70,12.20,11.05,11.10,2.50
23,10.60,13.00,11.60,11.60,2.40
24,11.00,14.20,12.80,12.80,3.20
25,13.00,15.70,14.28,14.30,2.70
27,15.30,17.20,16.07,16.10,1.90
28,14.50,16.80,15.55,15.50,2.30
30,13.70,15.70,14.69,14.70,2.00
31,14.10,16.30,15.26,15.30,2.20
32,13.60,15.90,14.83,14.80,2.30
33,11.90,15.10,13.61,13.60,3.20
34,10.80,13.40,12.08,12.10,2.60
35,9.20,12.20,10.81,10.80,3.00
36,9.10,11.70,10.30,10.30,2.60
37,9.40,11.90,10.81,10.75,2.50
38,10.40,13.40,12.07,12.00,3.00
39,12.00,15.20,13.50,13.50,3.20
40,13.50,16.00,14.81,14.80,2.50
41,13.70,16.30,15.21,15.20,2.60
42,13.50,16.40,14.81,14.80,2.90
43,10.90,14.00,12.54,12.60,3.10
44,12.50,14.90,13.78,13.80,2.40
45,13.10,15.90,14.39,14.40,2.80
46,12.90,15.30,13.89,13.85,2.40
47,11.20,14.10,12.69,12.70,2.90
48,9.80,12.70,11.15,11.10,2.90
49,8.30,11.20,9.89,9.85,2.90
50,8.00,10.60,9.60,9.80,2.60
51,8.60,11.00,9.89,9.80,2.40
52,9.50,12.60,11.09,11.10,3.10
53,10.60,14.00,12.60,12.60,3.40
54,12.80,15.10,13.93,13.90,2.30
55,13.00,15.70,14.40,14.40,2.70
56,12.10,14.90,13.87,13.80,2.80
57,9.70,13.40,11.67,11.60,3.70
58,11.70,14.20,12.94,12.90,2.50
59,12.40,14.50,13.42,13.40,2.10
60,11.60,14.10,12.92,12.90,2.50
61,10.60,13.20,11.91,11.95,2.60
62,8.70,11.70,10.28,10.30,3.00
63,7.60,10.10,8.98,9.00,2.50
64,7.40,9.80,8.58,8.50,2.40
65,7.60,10.20,8.91,8.90,2.60
66,8.40,11.90,10.23,10.25,3.50
67,10.40,12.90,11.74,11.70,2.50
68,11.40,14.30,13.01,13.10,2.90
69,12.20,14.20,13.31,13.30,2.00
70,11.90,14.20,12.96,12.90,2.30
71,9.80,12.70,11.09,11.05,2.90
72,11.30,13.30,12.35,12.30,2.00
73,11.70,13.90,12.79,12.80,2.20
74,11.20,13.70,12.36,12.30,2.50
75,9.80,12.30,11.13,11.10,2.50
77,7.30,9.80,8.28,8.20,2.50
78,7.00,9.20,7.87,7.90,2.20
80,8.40,10.80,9.50,9.50,2.40
81,9.70,12.30,11.15,11.20,2.60
82,11.20,13.70,12.33,12.30,2.50
83,11.40,13.70,12.84,12.90,2.30
84,11.20,13.60,12.32,12.20,2.40
85,9.50,12.60,10.80,10.80,3.10
86,10.80,13.50,12.01,12.10,2.70
87,11.50,13.60,12.51,12.50,2.10
88,11.00,13.30,12.00,12.00,2.30
89,9.40,12.10,10.77,10.70,2.70
90,8.10,10.70,9.35,9.30,2.60
91,6.90,9.40,8.04,8.00,2.50
92,6.60,8.90,7.58,7.60,2.30
93,6.60,9.20,7.98,7.90,2.60
94,8.00,10.30,9.20,9.15,2.30
95,9.40,12.10,10.82,10.80,2.70
96,11.10,13.10,12.02,12.00,2.00
97,11.40,13.60,12.57,12.60,2.20
98,10.70,13.10,12.00,12.00,2.40
99,9.40,12.20,10.90,11.00,2.80
100,10.90,13.60,12.11,12.10,2.70
101,11.60,13.70,12.63,12.60,2.10
102,10.90,13.20,12.20,12.20,2.30
103,9.30,12.40,11.00,11.10,3.10
104,7.80,10.70,9.47,9.50,2.90
105,6.80,9.50,8.19,8.20,2.70
106,6.80,9.00,7.75,7.80,2.20
107,7.20,9.30,8.18,8.20,2.10
108,8.00,10.60,9.43,9.40,2.60
109,9.20,12.20,10.90,11.00,3.00
110,11.10,13.60,12.15,12.10,2.50
111,11.80,13.70,12.64,12.60,1.90
112,11.20,13.20,12.17,12.20,2.00
113,9.90,12.90,11.37,11.30,3.00
114,11.50,14.00,12.65,12.60,2.50
115,11.80,14.60,13.18,13.20,2.80
116,11.40,14.20,12.69,12.70,2.80
117,10.10,13.20,11.48,11.40,3.10
118,8.60,11.30,10.04,10.10,2.70
119,7.70,10.80,8.75,8.70,3.10
120,7.00,9.40,8.26,8.30,2.40
121,7.20,10.00,8.70,8.70,2.80
122,8.60,11.30,9.96,9.90,2.70
123,10.10,12.80,11.46,11.50,2.70
125,12.20,14.20,13.14,13.10,2.00
126,11.30,13.80,12.61,12.60,2.50
127,10.70,13.70,12.19,12.20,3.00
128,12.40,14.70,13.44,13.50,2.30
129,12.80,14.90,14.01,14.05,2.10
130,11.90,14.90,13.51,13.50,3.00
131,10.60,14.00,12.32,12.25,3.40
132,9.50,12.20,10.83,10.90,2.70
133,8.10,11.00,9.52,9.50,2.90
134,7.90,10.20,9.07,9.10,2.30
135,8.30,10.80,9.49,9.50,2.50
136,9.40,12.40,10.80,10.80,3.00
137,10.70,13.60,12.29,12.30,2.90
138,12.40,15.40,13.53,13.50,3.00
140,12.20,14.90,13.45,13.50,2.70
141,11.70,14.90,13.22,13.20,3.20
142,13.10,15.70,14.33,14.40,2.60
143,13.50,16.10,14.96,15.00,2.60
144,13.10,15.80,14.55,14.60,2.70
145,11.70,14.60,13.28,13.30,2.90
146,10.20,13.10,11.72,11.70,2.90
147,9.00,11.80,10.51,10.50,2.80
148,8.80,10.90,10.05,10.10,2.10
149,9.00,12.30,10.49,10.50,3.30
150,10.40,13.50,11.69,11.70,3.10
151,11.70,14.60,13.24,13.20,2.90
152,13.10,15.80,14.46,14.50,2.70
153,13.70,16.30,14.96,14.90,2.60
154,12.80,16.30,14.43,14.50,3.50
155,12.60,15.50,13.97,13.90,2.90
156,13.80,16.50,15.28,15.30,2.70
157,14.60,16.70,15.78,15.80,2.10
158,13.90,16.70,15.27,15.20,2.80
159,12.20,15.50,14.11,14.10,3.30
160,11.10,13.90,12.54,12.50,2.80
161,10.20,12.80,11.31,11.30,2.60
162,9.80,12.20,10.90,10.90,2.40
164,10.80,14.10,12.54,12.60,3.30
165,12.90,15.40,14.07,14.05,2.50
166,14.10,16.60,15.29,15.30,2.50
167,14.50,16.40,15.65,15.70,1.90
168,13.70,16.40,15.29,15.30,2.70
